url,provider,shop_name,rating,reviews,type,address,link
https://www.google.com/maps/place/Orange+Belgium/data=!4m7!3m6!1s0x47c3dcd20487c691:0xec750651d85d6789!8m2!3d50.8759987!4d4.4145838!16s%2Fg%2F1tf5jt2g!19sChIJkcaHBNLcw0cRiWdd2FEGdew?authuser=0&hl=en&rclk=1,Orange,Orange Belgium,3.3,783,Telephone company,Av. du Bourget 3,https://shops.orange.be/fr/orange_shop_evere
https://www.google.com/maps/place/Proximus+Shop+Sint-Niklaas+Waasland/data=!4m7!3m6!1s0x47c38e822468ec55:0xf2663fedb556bcd8!8m2!3d51.1528522!4d4.153609!16s%2Fg%2F12cp7y78_!19sChIJVexoJIKOw0cR2LxWte0_ZvI?authuser=0&hl=en&rclk=1,Proximus,Proximus Shop Sint-Niklaas Waasland,3.6,738,Telecommunications service provider,Kapelstraat 100 Waasland,https://www.proximus.be/shops/proximus-shop-Sint-Niklaas-Waasland
https://www.google.com/maps/place/Proximus+Shop+Woluwe+Shopping/data=!4m7!3m6!1s0x47c3dc9e72161097:0xb427181316c946c4!8m2!3d50.8447311!4d4.4370923!16s%2Fg%2F12llmcjrc!19sChIJlxAWcp7cw0cRxEbJFhMYJ7Q?authuser=0&hl=en&rclk=1,Proximus,Proximus Shop Woluwe Shopping,3.4,727,Telecommunications service provider,Bd de la Woluwe 70,https://www.proximus.be/shops/proximus-shop-Woluwe-Shopping
https://www.google.com/maps/place/Proximus+Shop+Kuurne+Ring+Shopping/data=!4m7!3m6!1s0x47c33adda373f2ab:0xc4525d5d522fc412!8m2!3d50.8457573!4d3.2615792!16s%2Fg%2F1tdn37nc!19sChIJq_Jzo906w0cREsQvUl1dUsQ?authuser=0&hl=en&rclk=1,Proximus,Proximus Shop Kuurne Ring Shopping,4.4,722,Telecommunications service provider,Ringlaan 34,https://www.proximus.be/shops/proximus-shop-Kuurne-Ring-Shopping
https://www.google.com/maps/place/Proximus+Shop+Mint/data=!4m7!3m6!1s0x47c3c36cd6270c59:0x50c501d07134dce7!8m2!3d50.8502145!4d4.353025!16s%2Fg%2F1vzg1dpd!19sChIJWQwn1mzDw0cR59w0cdABxVA?authuser=0&hl=en&rclk=1,Proximus,Proximus Shop Mint,3.7,681,Telecommunications service provider,Pl. de la Monnaie 16,https://www.proximus.be/shops/proximus-shop-Brussel-Mint
https://www.google.com/maps/place/Telenet+shop+Antwerpen+Meir/data=!4m7!3m6!1s0x47c3f6f9ddc8046f:0x6e46435225937934!8m2!3d51.2182165!4d4.4049973!16s%2Fg%2F1td16_rh!19sChIJbwTI3fn2w0cRNHmTJVJDRm4?authuser=0&hl=en&rclk=1,Telenet,Telenet shop Antwerpen Meir,3.8,629,Cell phone store,Meir 6,https://www2.telenet.be/
https://www.google.com/maps/place/Proximus+Shop+Antwerpen+Meir/data=!4m7!3m6!1s0x47c3f6fef221dbdb:0xdc9ae9682c99dbb4!8m2!3d51.2183507!4d4.4081694!16s%2Fg%2F1pxw888mh!19sChIJ29sh8v72w0cRtNuZLGjpmtw?authuser=0&hl=en&rclk=1,Proximus,Proximus Shop Antwerpen Meir,3.4,617,Telecommunications service provider,Meir 41,https://www.proximus.be/shops/proximus-shop-Antwerpen-Meir
https://www.google.com/maps/place/Telenet+Mechelen+Bruul/data=!4m7!3m6!1s0x47c3e5c95f3003a7:0xbf5428a68d6ebaa6!8m2!3d51.0253982!4d4.481481!16s%2Fg%2F11bxjm042z!19sChIJpwMwX8nlw0cRprpujaYoVL8?authuser=0&hl=en&rclk=1,Telenet,Telenet Mechelen Bruul,4,603,Cell phone store,Bruul 68/70,https://www2.telenet.be/
https://www.google.com/maps/place/Telenet/data=!4m7!3m6!1s0x47c38e81d07f199f:0x6197c5c5f0f2e13b!8m2!3d51.154007!4d4.1537454!16s%2Fg%2F12cp0bzt1!19sChIJnxl_0IGOw0cRO-Hy8MXFl2E?authuser=0&hl=en&rclk=1,Telenet,Telenet,3.7,595,Cell phone store,Kapelstraat 100,https://telenetstore-waasland.webnode.be/
https://www.google.com/maps/place/Proximus+Shop+Namur/data=!4m7!3m6!1s0x47c1996df31b14e3:0x82925ccd57bf452f!8m2!3d50.4639546!4d4.8652605!16s%2Fg%2F11b6gm3905!19sChIJ4xQb822ZwUcRL0W_V81ckoI?authuser=0&hl=en&rclk=1,Proximus,Proximus Shop Namur,3.5,580,Telecommunications service provider,Rue de l'Ange 61/63,https://www.proximus.be/shops/proximus-shop-Namur
https://www.google.com/maps/place/Proximus+Shop+Anderlecht+Westland+Shopping/data=!4m7!3m6!1s0x47c3c6b853ce0321:0xf31bc0ba113c0a0c!8m2!3d50.8387823!4d4.2870944!16s%2Fg%2F12jlt5j9d!19sChIJIQPOU7jGw0cRDAo8EbrAG_M?authuser=0&hl=en&rclk=1,Proximus,Proximus Shop Anderlecht Westland Shopping,3.6,564,Telecommunications service provider,Bd Sylvain Dupuis 433,https://www.proximus.be/shops/proximus-shop-Anderlecht-Westland-Shopping
https://www.google.com/maps/place/Proximus+Shop+Etterbeek+Rue+des+Tongres/data=!4m7!3m6!1s0x47c3c4bb966ca023:0xddfdfcec92c3c74b!8m2!3d50.8403228!4d4.4009516!16s%2Fg%2F1tfw25x7!19sChIJI6BslrvEw0cRS8fDkuz8_d0?authuser=0&hl=en&rclk=1,Proximus,Proximus Shop Etterbeek Rue des Tongres,3.5,551,Telecommunications service provider,Rue des Tongres 63,https://www.proximus.be/shops/proximus-shop-Etterbeek-Rue-des-Tongres
https://www.google.com/maps/place/Telenet+Hoofdkantoor/data=!4m7!3m6!1s0x47c3e5b4107f6547:0x9770c672665c8fc7!8m2!3d51.0354811!4d4.4828519!16s%2Fg%2F11bzx5473v!19sChIJR2V_ELTlw0cRx49cZnLGcJc?authuser=0&hl=en&rclk=1,Telenet,Telenet Hoofdkantoor,3.3,534,Internet service provider,Liersesteenweg 4,http://www.telenet.be/
https://www.google.com/maps/place/Orange+Shop+Antwerp+Meir/data=!4m7!3m6!1s0x47c3f6f9ea7070b1:0xa1801706c183488b!8m2!3d51.218195!4d4.405348!16s%2Fg%2F11b6byjcwr!19sChIJsXBw6vn2w0cRi0iDwQYXgKE?authuser=0&hl=en&rclk=1,Orange,Orange Shop Antwerp Meir,3.6,521,Telephone company,Meir 10,https://shops.orange.be/nl/orange_shop_antwerpen_meir
https://www.google.com/maps/place/Proximus+Shop+Hornu+Cora/data=!4m7!3m6!1s0x47c259ef913f0b1b:0x268a0e2827737bf0!8m2!3d50.4379481!4d3.8387768!16s%2Fg%2F1tdnw17n!19sChIJGws_ke9ZwkcR8HtzJygOiiY?authuser=0&hl=en&rclk=1,Proximus,Proximus Shop Hornu Cora,4,514,Telecommunications service provider,"Cora, Rue de Mons 163",https://www.proximus.be/shops/proximus-shop-Hornu-Cora
https://www.google.com/maps/place/Proximus+Shop+Wijnegem+Shopping/data=!4m7!3m6!1s0x47c3f85a6506b8d3:0xe036a1cd28ccee10!8m2!3d51.2222768!4d4.5018069!16s%2Fg%2F1hd_ss86d!19sChIJ07gGZVr4w0cREO7MKM2hNuA?authuser=0&hl=en&rclk=1,Proximus,Proximus Shop Wijnegem Shopping,3.2,509,Telecommunications service provider,Turnhoutsebaan 5,https://www.proximus.be/shops/proximus-shop-Wijnegem-Shopping
https://www.google.com/maps/place/Proximus+Shop+Paal/data=!4m7!3m6!1s0x47c13b609cb7cfe1:0xaae23c0407105a98!8m2!3d51.0430643!4d5.1884684!16s%2Fg%2F1tg4kjn9!19sChIJ4c-3nGA7wUcRmFoQBwQ84qo?authuser=0&hl=en&rclk=1,Proximus,Proximus Shop Paal,4.5,504,Telecommunications service provider,Paalsesteenweg 201/A,https://www.proximus.be/shops/proximus-shop-Paal
https://www.google.com/maps/place/Telenet+-+BASE+shop+Leuven/data=!4m7!3m6!1s0x47c160d9dfba9745:0x28ad8ebfdf06f21a!8m2!3d50.8801126!4d4.7089235!16s%2Fg%2F1tr7hjrc!19sChIJRZe639lgwUcRGvIG37-OrSg?authuser=0&hl=en&rclk=1,BASE,Telenet - BASE shop Leuven,3.8,499,Cell phone store,Bondgenotenlaan 74,https://www2.telenet.be/
https://www.google.com/maps/place/Telenet+Center+Computer+Checkpoint+Oostakker/data=!4m7!3m6!1s0x47c3770292cc146b:0x9954b024107eb196!8m2!3d51.0777634!4d3.7826268!16s%2Fg%2F11bvvzs274!19sChIJaxTMkgJ3w0cRlrF-ECSwVJk?authuser=0&hl=en&rclk=1,Telenet,Telenet Center Computer Checkpoint Oostakker,4.4,479,Computer store,Antwerpsesteenweg 1066A,https://www.computercheckpoint.be/particulier/onze-winkels/oostakker/?utm_source=google&utm_medium=organic&utm_campaign=GMB-oostakker
https://www.google.com/maps/place/Proximus+Shop+Auderghem/data=!4m7!3m6!1s0x47c3db3d2c155b99:0x8961792106abe535!8m2!3d50.814014!4d4.4236959!16s%2Fg%2F1pxwnqn70!19sChIJmVsVLD3bw0cRNeWrBiF5YYk?authuser=0&hl=en&rclk=1,Proximus,Proximus Shop Auderghem,3.9,473,Telecommunications service provider,"Shopping Carrefour, Bd du Souverain 240",https://www.proximus.be/shops/proximus-shop-Auderghem
https://www.google.com/maps/place/Proximus+Shop+Gent+Kouter/data=!4m7!3m6!1s0x47c37145ac795d3d:0xf4832eacbf6fedc7!8m2!3d51.0505284!4d3.7216593!16s%2Fg%2F1xpwhyqr!19sChIJPV15rEVxw0cRx-1vv6wug_Q?authuser=0&hl=en&rclk=1,Proximus,Proximus Shop Gent Kouter,3.5,471,Telecommunications service provider,Zonnestraat 10,https://www.proximus.be/shops/proximus-shop-Gent-Kouter
https://www.google.com/maps/place/Proximus+Shop+Wilrijk/data=!4m7!3m6!1s0x47c3f13a7e2ef275:0x39d3c2c59fa4d995!8m2!3d51.1703091!4d4.3928176!16s%2Fg%2F1pxwf9y1q!19sChIJdfIufjrxw0cRldmkn8XC0zk?authuser=0&hl=en&rclk=1,Proximus,Proximus Shop Wilrijk,3.5,453,Telecommunications service provider,Bist 36,https://www.proximus.be/shops/proximus-shop-Wilrijk
https://www.google.com/maps/place/Proximus+Shop+Mons+Grand+Pr%C3%A9s/data=!4m7!3m6!1s0x47c25003d19e8ef5:0x1d6afdc0c9c93606!8m2!3d50.455851!4d3.9326356!16s%2Fg%2F1pxw394ky!19sChIJ9Y6e0QNQwkcRBjbJycD9ah0?authuser=0&hl=en&rclk=1,Proximus,Proximus Shop Mons Grand Prés,3.6,441,Telecommunications service provider,"Mons Grands Près, Place des Grands Prés 1",https://www.proximus.be/shops/proximus-shop-Mons-Grand-Pres
https://www.google.com/maps/place/Telenet+Store+Shopping+Genk/data=!4m7!3m6!1s0x47c0ded318f2db55:0xc61c2b1e307503f1!8m2!3d50.9651589!4d5.5043972!16s%2Fg%2F11bxjr33cv!19sChIJVdvyGNPewEcR8QN1MB4rHMY?authuser=0&hl=en&rclk=1,Telenet,Telenet Store Shopping Genk,3.9,440,Cell phone store,Rootenstraat 8/unit 91,https://www2.telenet.be/
https://www.google.com/maps/place/Proximus+Shop+Brugge+Steenstraat/data=!4m7!3m6!1s0x47c350da3cb13065:0x9c576c155592771b!8m2!3d51.207965!4d3.2234591!16s%2Fg%2F1tgn_zbx!19sChIJZTCxPNpQw0cRG3eSVRVsV5w?authuser=0&hl=en&rclk=1,Proximus,Proximus Shop Brugge Steenstraat,3.8,438,Telecommunications service provider,Steenstraat 22/24,https://www.proximus.be/shops/proximus-shop-Brugge-Steenstraat
https://www.google.com/maps/place/Telenet+%26+Base+center+Mi-Concept+Sint-Truiden/data=!4m7!3m6!1s0x47c111699992fbb7:0xb83ce2df362b1a93!8m2!3d50.8121689!4d5.1934258!16s%2Fg%2F11f66gyb2s!19sChIJt_uSmWkRwUcRkxorNt_iPLg?authuser=0&hl=en&rclk=1,Telenet,Telenet & Base center Mi-Concept Sint-Truiden,4.2,435,Internet service provider,Tongersesteenweg 37,http://www.miconcept.be/
https://www.google.com/maps/place/Telenet+Center+Computer+Checkpoint+Aartselaar/data=!4m7!3m6!1s0x47c3f19651f3eaf7:0xfbcb4ccce4441c19!8m2!3d51.126529!4d4.37421!16s%2Fg%2F1vknnjwh!19sChIJ9-rzUZbxw0cRGRxE5MxMy_s?authuser=0&hl=en&rclk=1,Telenet,Telenet Center Computer Checkpoint Aartselaar,3.9,433,Cell phone store,Boomsesteenweg 48,https://www.computercheckpoint.be/particulier/onze-winkels/aartselaar/?utm_source=google&utm_medium=organic&utm_campaign=GMB-aartselaar
https://www.google.com/maps/place/Telenet+Center+Ninove/data=!4m7!3m6!1s0x47c3bb3928811cfd:0xa13df91579cfd401!8m2!3d50.8357658!4d4.0257092!16s%2Fg%2F1pp2xb6ww!19sChIJ_RyBKDm7w0cRAdTPeRX5PaE?authuser=0&hl=en&rclk=1,Telenet,Telenet Center Ninove,3,428,Computer support and services,Graanmarkt 42,http://www.apc-center.be/
https://www.google.com/maps/place/Proximus+Shop+Toison+d%27Or+Louise/data=!4m7!3m6!1s0x47c3c4881fd56ff5:0x916f5ff44afcf60c!8m2!3d50.8360231!4d4.3569083!16s%2Fg%2F11cmc_qfgq!19sChIJ9W_VH4jEw0cRDPb8SvRfb5E?authuser=0&hl=en&rclk=1,Proximus,Proximus Shop Toison d'Or Louise,3.8,422,Telecommunications service provider,Av. de la Toison d'Or 43,https://www.proximus.be/shops/proximus-shop-Toison-d-Or-Louise
https://www.google.com/maps/place/Proximus+Shop+Wavre+Place+Cardinal+Mercier/data=!4m7!3m6!1s0x47c17d74ed250a43:0x9271a135c39f0ff5!8m2!3d50.7171!4d4.60986!16s%2Fg%2F1pxw36tzj!19sChIJQwol7XR9wUcR9Q-fwzWhcZI?authuser=0&hl=en&rclk=1,Proximus,Proximus Shop Wavre Place Cardinal Mercier,3.3,422,Telecommunications service provider,Pl. Cardinal Mercier 1,https://www.proximus.be/shops/proximus-shop-Wavre-Place-Cardinal-Mercier
https://www.google.com/maps/place/Proximus+Shop+Leuven/data=!4m7!3m6!1s0x47c15cb6aaaaaaab:0xeb28b853e1c42335!8m2!3d50.8799568!4d4.7067404!16s%2Fg%2F11c2kn_g6z!19sChIJq6qqqrZcwUcRNSPE4VO4KOs?authuser=0&hl=en&rclk=1,Proximus,Proximus Shop Leuven,3.4,418,Telecommunications service provider,Bondgenotenlaan 55,https://www.proximus.be/shops/proximus-shop-Leuven
https://www.google.com/maps/place/Proximus+Shop+Mol/data=!4m7!3m6!1s0x47c135a9452dc3a5:0x6160835f2b41983c!8m2!3d51.1889139!4d5.1188519!16s%2Fg%2F1pxw2nlz1!19sChIJpcMtRak1wUcRPJhBK1-DYGE?authuser=0&hl=en&rclk=1,Proximus,Proximus Shop Mol,4.3,418,Telecommunications service provider,Statiestraat 38A,https://www.proximus.be/shops/proximus-shop-Mol
https://www.google.com/maps/place/BEKATEL+Ertvelde+-+Evergem/data=!4m7!3m6!1s0x47c37bdc8b512563:0x28c95edb623d0151!8m2!3d51.1777637!4d3.7460397!16s%2Fg%2F1tdb3fg3!19sChIJYyVRi9x7w0cRUQE9YtteySg?authuser=0&hl=en&rclk=1,Telenet,BEKATEL Ertvelde - Evergem,4.5,417,Internet service provider,Lindenlaan 10,https://myspectrum.be/telenet/
https://www.google.com/maps/place/Telenet+Center/data=!4m7!3m6!1s0x47c3c34349159b9d:0xae5b80445c532c44!8m2!3d50.8573642!4d4.3900914!16s%2Fg%2F11bxjnzlr1!19sChIJnZsVSUPDw0cRRCxTXESAW64?authuser=0&hl=en&rclk=1,Telenet,Telenet Center,3.4,411,Cell phone store,Av. Chazal 140,https://www2.telenet.be/fr
https://www.google.com/maps/place/Proximus+Shop+Brussel+City+2/data=!4m7!3m6!1s0x47c3c382418582ff:0x18599689e860b6aa!8m2!3d50.854475!4d4.3579725!16s%2Fg%2F12lssnbd9!19sChIJ_4KFQYLDw0cRqrZg6ImWWRg?authuser=0&hl=en&rclk=1,Proximus,Proximus Shop Brussel City 2,3.3,410,Cell phone store,Rue Neuve 123 City2,https://www.proximus.be/shops/proximus-shop-Brussel-City-2
https://www.google.com/maps/place/Proximus+Shop+Brasschaat/data=!4m7!3m6!1s0x47c407db13b1b921:0x3f8faf28d5728239!8m2!3d51.2888253!4d4.4894734!16s%2Fg%2F11b6ggf9c7!19sChIJIbmxE9sHxEcROYJy1Sivjz8?authuser=0&hl=en&rclk=1,Proximus,Proximus Shop Brasschaat,3.6,408,Telecommunications contractor,Bredabaan 319,https://www.proximus.be/shops/proximus-shop-Brasschaat
https://www.google.com/maps/place/Proximus+Shop+Ath/data=!4m7!3m6!1s0x47c30008c882cebf:0x577b178f1848bcc9!8m2!3d50.6302974!4d3.7763732!16s%2Fg%2F1pxwn588f!19sChIJv86CyAgAw0cRybxIGI8Xe1c?authuser=0&hl=en&rclk=1,Proximus,Proximus Shop Ath,3.8,406,Telecommunications service provider,Rue aux Gâdes 10,https://www.proximus.be/shops/proximus-shop-Ath
https://www.google.com/maps/place/Proximus+Shop+Bouge/data=!4m7!3m6!1s0x47c19922d53397db:0xa7eb97adae6e419d!8m2!3d50.479034!4d4.8804422!16s%2Fg%2F1tff6r_m!19sChIJ25cz1SKZwUcRnUFurq2X66c?authuser=0&hl=en&rclk=1,Proximus,Proximus Shop Bouge,4.2,403,Telecommunications service provider,Chau. de Louvain 354,https://www.proximus.be/shops/proximus-shop-Bouge
https://www.google.com/maps/place/Proximus+Shop+Waregem/data=!4m7!3m6!1s0x47c315fae5ae51ff:0xd6600811444e0746!8m2!3d50.8869696!4d3.4314955!16s%2Fg%2F1pxwp4wz0!19sChIJ_1Gu5foVw0cRRgdORBEIYNY?authuser=0&hl=en&rclk=1,Proximus,Proximus Shop Waregem,4.3,401,Telecommunications service provider,Markt 21,https://www.proximus.be/shops/proximus-shop-Waregem
https://www.google.com/maps/place/Proximus+Shop+Brussel+Anspach/data=!4m7!3m6!1s0x47c3c38710d04ddd:0xcb9067be85010ff6!8m2!3d50.8496506!4d4.3518323!16s%2Fg%2F1pxwpscxl!19sChIJ3U3QEIfDw0cR9g8Bhb5nkMs?authuser=0&hl=en&rclk=1,Proximus,Proximus Shop Brussel Anspach,3.8,400,Telecommunications service provider,"Shop Brussel, Rue Grétry, Bd Anspach 12",https://www.proximus.be/shops/proximus-shop-Brussel-Anspach
https://www.google.com/maps/place/Telenet+Aalst/data=!4m7!3m6!1s0x47c3bd590a400103:0x14e3526a8143a70b!8m2!3d50.9390006!4d4.0383398!16s%2Fg%2F1vk6ycvc!19sChIJAwFAClm9w0cRC6dDgWpS4xQ?authuser=0&hl=en&rclk=1,Telenet,Telenet Aalst,3.5,400,Cell phone store,Kattestraat 5,https://www2.telenet.be/
https://www.google.com/maps/place/Proximus+Shop+Uccle+Xavier+De+Bue/data=!4m7!3m6!1s0x47c3c5b2662348df:0x57521ce402249576!8m2!3d50.8035695!4d4.3379716!16s%2Fg%2F1tj2h159!19sChIJ30gjZrLFw0cRdpUkAuQcUlc?authuser=0&hl=en&rclk=1,Proximus,Proximus Shop Uccle Xavier De Bue,3.6,395,Telecommunications service provider,Rue Xavier De Bue 52,https://www.proximus.be/shops/proximus-shop-Uccle-Xavier-De-Bue
https://www.google.com/maps/place/Orange/data=!4m7!3m6!1s0x47c3f84c35dc9589:0x6967b410af579260!8m2!3d51.2222768!4d4.5018069!16s%2Fg%2F1hd_g7pfy!19sChIJiZXcNUz4w0cRYJJXrxC0Z2k?authuser=0&hl=en&rclk=1,Orange,Orange,3.5,389,Telephone company,"Turnhoutsebaan 5, Lokaal 127",https://shops.orange.be/nl/orange_shop_wijnegem_shopping_center
https://www.google.com/maps/place/Proximus+Shop+Mechelen/data=!4m7!3m6!1s0x47c3e5c961ac1b13:0x87fec6f999ba4b6e!8m2!3d51.0240668!4d4.4817811!16s%2Fg%2F11b6g93zd2!19sChIJExusYcnlw0cRbku6mfnG_oc?authuser=0&hl=en&rclk=1,Proximus,Proximus Shop Mechelen,3.5,388,Telecommunications service provider,Bruul 112,https://www.proximus.be/shops/proximus-shop-Mechelen
https://www.google.com/maps/place/Orange/data=!4m7!3m6!1s0x47c3f13a847976c3:0x7fd3e174b198f329!8m2!3d51.170343!4d4.393257!16s%2Fg%2F11bywl3v16!19sChIJw3Z5hDrxw0cRKfOYsXTh038?authuser=0&hl=en&rclk=1,Orange,Orange,3.5,387,Telephone company,Bist 40,https://shops.orange.be/nl/orange_shop_wilrijk
https://www.google.com/maps/place/Telenet+Center+South/data=!4m7!3m6!1s0x47c3f6ecec90d14d:0xfd89fc2b2af7fa41!8m2!3d51.2085261!4d4.3918879!16s%2Fg%2F11bw77tkg9!19sChIJTdGQ7Oz2w0cRQfr3Kiv8if0?authuser=0&hl=en&rclk=1,Telenet,Telenet Center South,4.4,383,Internet service provider,Verschansingstraat 12,http://www.centerzuid.be/
https://www.google.com/maps/place/Orange/data=!4m7!3m6!1s0x47c38e821e26cb3f:0x48840eea40b03062!8m2!3d51.1536342!4d4.1526949!16s%2Fg%2F12cp188hl!19sChIJP8smHoKOw0cRYjCwQOoOhEg?authuser=0&hl=en&rclk=1,Orange,Orange,3.6,382,Telephone company,Kapelstraat 100,https://shops.orange.be/nl/orange_shop_st-niklaas_waasland_shopping_center
https://www.google.com/maps/place/Proximus+Shop+Mouscron+Les+Dauphins/data=!4m7!3m6!1s0x47c3258e467f359b:0x13a33451d30207a!8m2!3d50.7458845!4d3.2377552!16s%2Fg%2F1pxwv0q06!19sChIJmzV_Ro4lw0cReiAwHUUzOgE?authuser=0&hl=en&rclk=1,Proximus,Proximus Shop Mouscron Les Dauphins,4.3,381,Telecommunications service provider,"Shopping Les Dauphins, Rue Père Damien 8",https://www.proximus.be/shops/proximus-shop-Mouscron-Les-Dauphins
https://www.google.com/maps/place/Proximus+Shop+Aalst/data=!4m7!3m6!1s0x47c3bd599755d811:0x1572e1654ade98ae!8m2!3d50.938233!4d4.0379327!16s%2Fg%2F11b6g87k95!19sChIJEdhVl1m9w0cRrpjeSmXhchU?authuser=0&hl=en&rclk=1,Proximus,Proximus Shop Aalst,3.7,379,Telecommunications service provider,Grote Markt 25,https://www.proximus.be/shops/proximus-shop-Aalst
https://www.google.com/maps/place/Proximus+Shop+Antwerpen+De+Keyserlei/data=!4m7!3m6!1s0x47c3f7019a5dbc43:0x143805688d4d6d5c!8m2!3d51.2171727!4d4.4188998!16s%2Fg%2F11b6g7ndxz!19sChIJQ7xdmgH3w0cRXG1NjWgFOBQ?authuser=0&hl=en&rclk=1,Proximus,Proximus Shop Antwerpen De Keyserlei,3.4,378,Telecommunications service provider,De Keyserlei 56,https://www.proximus.be/shops/proximus-shop-Antwerpen-De-Keyserlei
https://www.google.com/maps/place/Orange/data=!4m7!3m6!1s0x47c121811ac61011:0x33548f843c5cb287!8m2!3d50.931128!4d5.33767!16s%2Fg%2F1trsx43z!19sChIJERDGGoEhwUcRh7JcPISPVDM?authuser=0&hl=en&rclk=1,Orange,Orange,3.6,372,Cell phone store,Demerstraat 10/12,https://www.orange.be/nl/shops/orange-shop-hasselt
"https://www.google.com/maps/place/ACS+Telenet,+Base+%26+Repair+Center+Boortmeerbeek/data=!4m7!3m6!1s0x47c3e1d7b07a8b55:0xbfb5c51579ad5c7b!8m2!3d50.9627886!4d4.605263!16s%2Fg%2F11gw2vqsk_!19sChIJVYt6sNfhw0cRe1yteRXFtb8?authuser=0&hl=en&rclk=1",Telenet,"ACS Telenet, Base & Repair Center Boortmeerbeek",4.6,367,Internet service provider,Provinciesteenweg 5a,http://telenetcenterboortmeerbeek.be/
https://www.google.com/maps/place/Proximus+Shop+Gent+Expo/data=!4m7!3m6!1s0x47c36b6074084db7:0x61e19d9085ffcbf6!8m2!3d51.0212179!4d3.6884282!16s%2Fg%2F11b6gdbzpc!19sChIJt00IdGBrw0cR9sv_hZCd4WE?authuser=0&hl=en&rclk=1,Proximus,Proximus Shop Gent Expo,4.3,365,Telecommunications service provider,Kortrijksesteenweg 1098 Gent Expo,https://www.proximus.be/shops/proximus-shop-Gent-Expo
https://www.google.com/maps/place/Telenet/data=!4m7!3m6!1s0x47c371445b5baa55:0x8a6650e3b146e6cc!8m2!3d51.0502546!4d3.722469!16s%2Fg%2F11bwyv3k5v!19sChIJVapbW0Rxw0cRzOZGseNQZoo?authuser=0&hl=en&rclk=1,Telenet,Telenet,3.9,365,Cell phone store,Zonnestraat 1,https://www2.telenet.be/
https://www.google.com/maps/place/Proximus+Shop+La+Louviere+Cora/data=!4m7!3m6!1s0x47c236f96cc84b5d:0xed3e43e6a12e14a0!8m2!3d50.4853097!4d4.2043579!16s%2Fg%2F11b6g88b93!19sChIJXUvIbPk2wkcRoBQuoeZDPu0?authuser=0&hl=en&rclk=1,Proximus,Proximus Shop La Louviere Cora,3.8,360,Telecommunications service provider,"Rue Franco-Belge 28/CORA, Shopping CORA",https://www.proximus.be/fr/id_ar_poslocator/particuliers/r-orphans/trouver-un-proximus-shop.html/l/la-louviere/rue-franco-belge-28/2402330
https://www.google.com/maps/place/Telenet+shop+Jette/data=!4m7!3m6!1s0x47c3c3c325d949d5:0xcb25178b4f0b9bb1!8m2!3d50.8991532!4d4.3134999!16s%2Fg%2F1tftq7t1!19sChIJ1UnZJcPDw0cRsZsLT4sXJcs?authuser=0&hl=en&rclk=1,Telenet,Telenet shop Jette,3.8,357,Cell phone store,Kon. Astridlaan 14,https://ticketing.pixee.eu/appointment/?shopId=9c30a2dd-0348-44a5-bf5f-28f1fe1b5732&referer=site&action=create&id=&languageId=fef3917c-2489-4fa8-ba7e-f4318291e2f9&cancel=
https://www.google.com/maps/place/Proximus+Shop+Vilvoorde/data=!4m7!3m6!1s0x47c3e7ff81caa859:0x98a9d856482212ef!8m2!3d50.9288726!4d4.4246711!16s%2Fg%2F1pxwbgl0d!19sChIJWajKgf_nw0cR7xIiSFbYqZg?authuser=0&hl=en&rclk=1,Proximus,Proximus Shop Vilvoorde,3.4,356,Telecommunications service provider,Leuvensestraat 7/9,https://www.proximus.be/shops/proximus-shop-Vilvoorde
https://www.google.com/maps/place/Proximus+Shop+Berchem-Sainte-Agathe/data=!4m7!3m6!1s0x47c3c169c588e209:0x5375993281a829b!8m2!3d50.8721509!4d4.2963205!16s%2Fg%2F11b6g9gnyr!19sChIJCeKIxWnBw0cRm4IaKJNZNwU?authuser=0&hl=en&rclk=1,Proximus,Proximus Shop Berchem-Sainte-Agathe,3.4,348,Telecommunications service provider,"Basilix Shopping Center, Keizer Karellaan 420",https://www.proximus.be/shops/proximus-shop-Berchem-Sainte-Agathe
https://www.google.com/maps/place/Proximus+Shop+Tubize/data=!4m7!3m6!1s0x47c3c9f2480f6b7d:0x89ce1b2deb9aae1d!8m2!3d50.6944995!4d4.2044199!16s%2Fg%2F1pxwc70vp!19sChIJfWsPSPLJw0cRHa6a6y0bzok?authuser=0&hl=en&rclk=1,Proximus,Proximus Shop Tubize,4.7,346,Telecommunications service provider,Rue de Nivelles 4,https://www.proximus.be/shops/proximus-shop-Tubize
https://www.google.com/maps/place/Proximus+Shop+Hasselt+Demerstraat/data=!4m7!3m6!1s0x47c1217f63cfbfed:0x35ce02a44243fc73!8m2!3d50.9324431!4d5.3385604!16s%2Fg%2F1pxwbl1k8!19sChIJ7b_PY38hwUcRc_xDQqQCzjU?authuser=0&hl=en&rclk=1,Proximus,Proximus Shop Hasselt Demerstraat,3.9,342,Telecommunications service provider,Demerstraat 65,https://www.proximus.be/shops/proximus-shop-Hasselt-Demerstraat
https://www.google.com/maps/place/Proximus+Shop+Ixelles+Avenue+de+l%27Universit%C3%A9/data=!4m7!3m6!1s0x47c3c4c51c9b6b45:0x4dd4c7d8c6d0a6a9!8m2!3d50.8155297!4d4.3889986!16s%2Fg%2F11b6gcm987!19sChIJRWubHMXEw0cRqabQxtjH1E0?authuser=0&hl=en&rclk=1,Proximus,Proximus Shop Ixelles Avenue de l'Université,3.5,336,Telecommunications service provider,Av. de l'Université 11/13,https://www.proximus.be/shops/proximus-shop-Ixelles-Avenue-de-l-Universite
https://www.google.com/maps/place/Orange+Shop+Bruxelles+Anspach/data=!4m7!3m6!1s0x47c3c3877e4f7be3:0x4badcdf57c197b4d!8m2!3d50.8490307!4d4.3507212!16s%2Fg%2F11bwh9z_pb!19sChIJ43tPfofDw0cRTXsZfPXNrUs?authuser=0&hl=en&rclk=1,Orange,Orange Shop Bruxelles Anspach,3.2,334,Telephone company,Bd Anspach 60,https://shops.orange.be/fr/orange_shop_bruxelles_anspach
https://www.google.com/maps/place/Spectrum+-+Telenet+Base+Center+Ring+Kortrijk/data=!4m7!3m6!1s0x47c33a56bef11235:0xebcd69c43ab4fe77!8m2!3d50.8458733!4d3.2618788!16s%2Fg%2F11bc70_9ng!19sChIJNRLxvlY6w0cRd_60OsRpzes?authuser=0&hl=en&rclk=1,Telenet,Spectrum - Telenet Base Center Ring Kortrijk,4.3,332,Internet service provider,Ringlaan 34,https://myspectrum.be/telenet/
https://www.google.com/maps/place/Proximus+Shop+Waterloo+Chauss%C3%A9e+de+Bruxelles/data=!4m7!3m6!1s0x47c3d1d1ea04ecb9:0x920b1a65abd202a0!8m2!3d50.715243!4d4.3989962!16s%2Fg%2F1pxwh4321!19sChIJuewE6tHRw0cRoALSq2UaC5I?authuser=0&hl=en&rclk=1,Proximus,Proximus Shop Waterloo Chaussée de Bruxelles,3.8,320,Telecommunications service provider,Chau. de Bruxelles 219,https://www.proximus.be/shops/proximus-shop-Waterloo-Chaussee-de-Bruxelles
https://www.google.com/maps/place/Telenet/data=!4m7!3m6!1s0x47c121817bc4f917:0xbcf107c86edc8adb!8m2!3d50.9293273!4d5.3372301!16s%2Fg%2F11bxjkh9v2!19sChIJF_nEe4EhwUcR24rcbsgH8bw?authuser=0&hl=en&rclk=1,Telenet,Telenet,3.8,318,Cell phone store,Koning Albertstraat 1,https://www2.telenet.be/
https://www.google.com/maps/place/Proximus+Shop+Eeklo/data=!4m7!3m6!1s0x47c3642353801573:0xae470c6cca5eb8c!8m2!3d51.1828944!4d3.5694725!16s%2Fg%2F1pxw37nns!19sChIJcxWAUyNkw0cRjOulzMZw5Ao?authuser=0&hl=en&rclk=1,Proximus,Proximus Shop Eeklo,3.8,317,Telecommunications service provider,Stationsstraat 36,https://www.proximus.be/shops/proximus-shop-Eeklo
https://www.google.com/maps/place/Proximus+Shop+Dendermonde/data=!4m7!3m6!1s0x47c39132165bbc6b:0x311230be4b14a5ad!8m2!3d51.0285539!4d4.0993522!16s%2Fg%2F1tdcqpgk!19sChIJa7xbFjKRw0cRraUUS74wEjE?authuser=0&hl=en&rclk=1,Proximus,Proximus Shop Dendermonde,3.8,312,Telecommunications service provider,Oude Vest 5/7,https://www.proximus.be/shops/proximus-shop-Dendermonde
https://www.google.com/maps/place/Proximus-torens/data=!4m7!3m6!1s0x47c3c39ab7ef3cb3:0x2fb0a27108285d54!8m2!3d50.8598723!4d4.3583395!16s%2Fg%2F11h2cnn10n!19sChIJszzvt5rDw0cRVF0oCHGisC8?authuser=0&hl=en&rclk=1,Proximus,Proximus-torens,3.6,310,Corporate office,Rue du Progrès 55,http://www.proximus.com/
https://www.google.com/maps/place/Orange+Shop+Gent+Veldstraat/data=!4m7!3m6!1s0x47c371441bc04901:0x3776efccf7a725de!8m2!3d51.0518077!4d3.7217549!16s%2Fg%2F11f3svcqlp!19sChIJAUnAG0Rxw0cR3iWn98zvdjc?authuser=0&hl=en&rclk=1,Orange,Orange Shop Gent Veldstraat,4,305,Telephone company,Veldstraat 49,https://shops.orange.be/nl/orange_shop_gent_veldstraat
https://www.google.com/maps/place/Delanghe+Engie+-+Telenet+Waregem/data=!4m7!3m6!1s0x47c315f097e6b031:0xea2b3b0514a8a900!8m2!3d50.889815!4d3.4294755!16s%2Fg%2F11crzw9_8l!19sChIJMbDml_AVw0cRAKmoFAU7K-o?authuser=0&hl=en&rclk=1,Telenet,Delanghe Engie - Telenet Waregem,4,302,Internet service provider,Stationsstraat 80,http://www.delanghe.be/
https://www.google.com/maps/place/Telenet+-+BASE+shop+Mortsel/data=!4m7!3m6!1s0x47c3f0af01bdb7c7:0x6a877fc6f2a4fe46!8m2!3d51.1707923!4d4.4509981!16s%2Fg%2F1th5yzb0!19sChIJx7e9Aa_ww0cRRv6k8sZ_h2o?authuser=0&hl=en&rclk=1,Telenet,Telenet - BASE shop Mortsel,3.8,299,Cell phone store,Statielei 33,https://www2.telenet.be/
https://www.google.com/maps/place/Proximus+Shop+Aarschot/data=!4m7!3m6!1s0x47c1434d6d83410b:0x6f27803928880bc8!8m2!3d50.9841747!4d4.8368119!16s%2Fg%2F1pxw70d77!19sChIJC0GDbU1DwUcRyAuIKDmAJ28?authuser=0&hl=en&rclk=1,Proximus,Proximus Shop Aarschot,4.2,296,Telecommunications service provider,Grote Markt 23,https://www.proximus.be/shops/proximus-shop-Aarschot
https://www.google.com/maps/place/Orange+Shop+wavre/data=!4m7!3m6!1s0x47c17d7502316061:0x5bf724ae5777ae3c!8m2!3d50.715334!4d4.610192!16s%2Fg%2F1pp2vb4wy!19sChIJYWAxAnV9wUcRPK53V64k91s?authuser=0&hl=en&rclk=1,Orange,Orange Shop wavre,3.6,295,Telephone company,Rue du Pont du Christ 20,https://shops.orange.be/nl/orange_shop_wavre
https://www.google.com/maps/place/Proximus+Shop+Ixelles+Chauss%C3%A9e+d%27Ixelles/data=!4m7!3m6!1s0x47c3c48602b8451f:0xc12cff34e02ece4b!8m2!3d50.8371949!4d4.3624487!16s%2Fg%2F11cmc_nzp8!19sChIJH0W4AobEw0cRS84u4DT_LME?authuser=0&hl=en&rclk=1,Proximus,Proximus Shop Ixelles Chaussée d'Ixelles,3.9,294,Telecommunications service provider,Chau. d'Ixelles 32,https://www.proximus.be/shops/proximus-shop-Ixelles-Chaussee-d-Ixelles
https://www.google.com/maps/place/Proximus/data=!4m7!3m6!1s0x47c2332f64911581:0xb703d7f24c85f83c!8m2!3d50.5892923!4d4.3099869!16s%2Fg%2F11r8g2hhd!19sChIJgRWRZC8zwkcRPPiFTPLXA7c?authuser=0&hl=en&rclk=1,Proximus,Proximus,4.1,293,Telecommunications service provider,Chau. de Mons 18,https://www.proximus.be/shops/proximus-shop-Nivelles-Shopping
https://www.google.com/maps/place/Orange/data=!4m7!3m6!1s0x47c3f7019ba862d5:0x751b7a1e52f33f24!8m2!3d51.2174891!4d4.4173415!16s%2Fg%2F1tj2h17t!19sChIJ1WKomwH3w0cRJD_zUh56G3U?authuser=0&hl=en&rclk=1,Orange,Orange,3.5,292,Telephone company,De Keyserlei 28,https://shops.orange.be/nl/orange_shop_antwerpen_keyserlei
https://www.google.com/maps/place/Orange+Shop+Leuven+Diestsestraat/data=!4m7!3m6!1s0x47c160d7476ab517:0xad4a62906fc7a5d5!8m2!3d50.8803643!4d4.7043386!16s%2Fg%2F1pxwc25l1!19sChIJF7VqR9dgwUcR1aXHb5BiSq0?authuser=0&hl=en&rclk=1,Orange,Orange Shop Leuven Diestsestraat,3.7,287,Telephone company,Diestsestraat 61,https://shops.orange.be/fr/orange_shop_leuven_diestsestraat
https://www.google.com/maps/place/Telenet+%26+Base+Center+Mi-Concept+Vilvoorde/data=!4m7!3m6!1s0x47c3dde1f67ca27d:0xcd1052a5af3c074d!8m2!3d50.928267!4d4.426885!16s%2Fg%2F11fpp00ryy!19sChIJfaJ89uHdw0cRTQc8r6VSEM0?authuser=0&hl=en&rclk=1,BASE,Telenet & Base Center Mi-Concept Vilvoorde,4.2,285,Internet service provider,Leuvensestraat 47,https://www.miconcept.be/
https://www.google.com/maps/place/Proximus+Shop+Herentals/data=!4m7!3m6!1s0x47c1523ba6d4398b:0x40293ea30f6a0a95!8m2!3d51.1767345!4d4.833859!16s%2Fg%2F11h1m4pk5!19sChIJiznUpjtSwUcRlQpqD6M-KUA?authuser=0&hl=en&rclk=1,Proximus,Proximus Shop Herentals,3.9,283,Telecommunications service provider,Zandstraat 27,https://www.proximus.be/shops/proximus-shop-Herentals
https://www.google.com/maps/place/Orange+Shop+Aalst/data=!4m7!3m6!1s0x47c3bd596021c589:0x2d5492587154340c!8m2!3d50.9374064!4d4.0395216!16s%2Fg%2F1vhq2wdm!19sChIJicUhYFm9w0cRDDRUcViSVC0?authuser=0&hl=en&rclk=1,Orange,Orange Shop Aalst,3.6,276,Telephone company,Lange Zoutstraat 22,https://shops.orange.be/nl/orange_shop_aalst
https://www.google.com/maps/place/Orange/data=!4m7!3m6!1s0x47c3d1d18d360963:0x7d9180f65f130f49!8m2!3d50.7154602!4d4.3988065!16s%2Fg%2F1pxwgdlz0!19sChIJYwk2jdHRw0cRSQ8TX_aAkX0?authuser=0&hl=en&rclk=1,Orange,Orange,3.7,276,Telephone company,Chau. de Bruxelles 215,https://shops.orange.be/fr/orange_shop_waterloo
https://www.google.com/maps/place/Orange+Shop+Jette/data=!4m7!3m6!1s0x47c3c3c32f6eaa21:0x7da2a5d62a07c3c1!8m2!3d50.872969!4d4.325723!16s%2Fg%2F11b76tz_p8!19sChIJIapuL8PDw0cRwcMHKtalon0?authuser=0&hl=en&rclk=1,Orange,Orange Shop Jette,3.4,275,Telephone company,Rue Léopold I 529,https://www.orange.be/fr/shops/orange-shop-jette
https://www.google.com/maps/place/Proximus+Shop+Diest/data=!4m7!3m6!1s0x47c13f4d83d1b189:0xcf245229b1642567!8m2!3d50.9838282!4d5.0508382!16s%2Fg%2F1pxwj9qnk!19sChIJibHRg00_wUcRZyVksSlSJM8?authuser=0&hl=en&rclk=1,Proximus,Proximus Shop Diest,3.7,274,Telecommunications service provider,Sint-Jan Berchmansstraat 3,https://www.proximus.be/shops/proximus-shop-Diest
https://www.google.com/maps/place/Orange+Shop+Gent+Langemunt/data=!4m7!3m6!1s0x47c371476e655633:0x10330b476d313d57!8m2!3d51.0564313!4d3.7234235!16s%2Fg%2F1pxw9_x7j!19sChIJM1Zlbkdxw0cRVz0xbUcLMxA?authuser=0&hl=en&rclk=1,Orange,Orange Shop Gent Langemunt,4,271,Telephone company,Langemunt 32,https://shops.orange.be/nl/orange_shop_gent_langemunt
https://www.google.com/maps/place/Proximus+Shop+Tienen/data=!4m7!3m6!1s0x47c16c6b886be44d:0x12f77553bcf93199!8m2!3d50.8087576!4d4.934736!16s%2Fg%2F1tlwds_2!19sChIJTeRriGtswUcRmTH5vFN19xI?authuser=0&hl=en&rclk=1,Proximus,Proximus Shop Tienen,4,271,Telecommunications service provider,Leuvensestraat 34,https://www.proximus.be/shops/proximus-shop-Tienen
https://www.google.com/maps/place/Orange+Shop/data=!4m7!3m6!1s0x47c3c5b1bb6d5091:0x2551519d703c7bcf!8m2!3d50.8029284!4d4.3368149!16s%2Fg%2F11bwh5ymbc!19sChIJkVBtu7HFw0cRz3s8cJ1RUSU?authuser=0&hl=en&rclk=1,Orange,Orange Shop,3.5,265,Telephone company,Chau. d'Alsemberg 682,https://shops.orange.be/fr/orange_shop_uccle_alsemberg
https://www.google.com/maps/place/Telenet+Dendermonde/data=!4m7!3m6!1s0x47c391322852adb5:0xafdeedd6fc9d4e97!8m2!3d51.028881!4d4.1006986!16s%2Fg%2F1tj6s_6b!19sChIJta1SKDKRw0cRl06d_Nbt3q8?authuser=0&hl=en&rclk=1,Telenet,Telenet Dendermonde,3.3,263,Cell phone store,Oude Vest 47,https://www2.telenet.be/
https://www.google.com/maps/place/Telenet+shop+Schoten+%28Carrefour%29/data=!4m7!3m6!1s0x47c3f7fd03f91ff5:0xdbe5ef99cba12a5f!8m2!3d51.2584068!4d4.4651749!16s%2Fg%2F1thd0zkh!19sChIJ9R_5A_33w0cRXyqhy5nv5ds?authuser=0&hl=en&rclk=1,Telenet,Telenet shop Schoten (Carrefour),3.5,263,Cell phone store,Bredabaan 967,https://www2.telenet.be/
https://www.google.com/maps/place/Telenet+Turnhout/data=!4m7!3m6!1s0x47c6b3d496c0f76f:0x3539b2bae567424e!8m2!3d51.3223876!4d4.946336!16s%2Fg%2F1td1_gwk!19sChIJb_fAltSzxkcRTkJn5bqyOTU?authuser=0&hl=en&rclk=1,Telenet,Telenet Turnhout,3.6,260,Cell phone store,Gasthuisstraat 30,https://www2.telenet.be/
https://www.google.com/maps/place/Telenet+%26+Repair+Center+Heist-op-den-Berg/data=!4m7!3m6!1s0x47c159e71023ff27:0xd9c688bec36f0059!8m2!3d51.0768237!4d4.7256622!16s%2Fg%2F11c60f_0w1!19sChIJJ_8jEOdZwUcRWQBvw76Ixtk?authuser=0&hl=en&rclk=1,Telenet,Telenet & Repair Center Heist-op-den-Berg,4.2,256,Internet service provider,Eugeen Woutersstraat 38c,http://www.telenetcenterheist.be/
https://www.google.com/maps/place/Orange+Shop+Brasschaat/data=!4m7!3m6!1s0x47c4063518ef92e1:0xda01647bef7a2ca1!8m2!3d51.2894102!4d4.4904096!16s%2Fg%2F11bwh5zd9z!19sChIJ4ZLvGDUGxEcRoSx673tkAdo?authuser=0&hl=en&rclk=1,Orange,Orange Shop Brasschaat,3.6,254,Telephone company,Bredabaan 345,https://shops.orange.be/nl/orange_shop_brasschaat
https://www.google.com/maps/place/Proximus+Shop+Lokeren/data=!4m7!3m6!1s0x47c39b2ecd570a5b:0xd438aa0217f4827f!8m2!3d51.1038472!4d3.9913485!16s%2Fg%2F1pxwllj6l!19sChIJWwpXzS6bw0cRf4L0FwKqONQ?authuser=0&hl=en&rclk=1,Proximus,Proximus Shop Lokeren,3.7,254,Telecommunications service provider,Markt 56,https://www.proximus.be/shops/proximus-shop-Lokeren
https://www.google.com/maps/place/Telenet+Wijnegem+Shopping/data=!4m7!3m6!1s0x47c3f84c5b4bfc05:0xa8c7f2cd272e6be1!8m2!3d51.2231142!4d4.5004884!16s%2Fg%2F11ckz6flxj!19sChIJBfxLW0z4w0cR4WsuJ83yx6g?authuser=0&hl=en&rclk=1,Telenet,Telenet Wijnegem Shopping,3.2,254,Cell phone store,Turnhoutsebaan 5,https://www2.telenet.be/
https://www.google.com/maps/place/Telenet+Center/data=!4m7!3m6!1s0x47c3a74d76baa149:0x1b007c242db148c3!8m2!3d50.864108!4d3.8269779!16s%2Fg%2F1ydddkwz3!19sChIJSaG6dk2nw0cRw0ixLSR8ABs?authuser=0&hl=en&rclk=1,Telenet,Telenet Center,3,253,Telecommunications contractor,Bevegemstraat 9,https://www.apc-center.be/
https://www.google.com/maps/place/Proximus+Shop+Lier/data=!4m7!3m6!1s0x47c3fc884d02e859:0xeeffdfdd2ddc0587!8m2!3d51.1321869!4d4.5690468!16s%2Fg%2F11b6gm4s41!19sChIJWegCTYj8w0cRhwXcLd3f_-4?authuser=0&hl=en&rclk=1,Proximus,Proximus Shop Lier,3.5,251,Telecommunications service provider,Antwerpsestraat 14,https://www.proximus.be/shops/proximus-shop-Lier
https://www.google.com/maps/place/Proximus+Shop+Halle/data=!4m7!3m6!1s0x47c3c8569782450d:0x48027a92460d5a5d!8m2!3d50.7353219!4d4.2359581!16s%2Fg%2F1wc473wk!19sChIJDUWCl1bIw0cRXVoNRpJ6Akg?authuser=0&hl=en&rclk=1,Proximus,Proximus Shop Halle,3.6,247,Telecommunications service provider,Basiliekstraat 30/32,https://www.proximus.be/shops/proximus-shop-Halle
https://www.google.com/maps/place/Orange/data=!4m7!3m6!1s0x47c3c3822a95b1d7:0xfb5d580718f7a29!8m2!3d50.854536!4d4.3579242!16s%2Fg%2F1tkc5vmz!19sChIJ17GVKoLDw0cRKXqPcYDVtQ8?authuser=0&hl=en&rclk=1,Orange,Orange,3.1,245,Telephone company,Rue Neuve 123,https://shops.orange.be/fr/orange_shop_bruxelles_city_2_shopping_center
https://www.google.com/maps/place/Proximus+Shop+Tongeren+Maastrichterstraat/data=!4m7!3m6!1s0x47c0e3c8552b8fe5:0xa3f7257286afdaf5!8m2!3d50.782633!4d5.4678611!16s%2Fg%2F1tdshy5m!19sChIJ5Y8rVcjjwEcR9dqvhnIl96M?authuser=0&hl=en&rclk=1,Proximus,Proximus Shop Tongeren Maastrichterstraat,3.9,245,Telecommunications service provider,Maastrichterstraat 94,https://www.proximus.be/shops/proximus-shop-Tongeren-Maastrichterstraat
https://www.google.com/maps/place/Proximus+Shop+Gosselies/data=!4m7!3m6!1s0x47c22f29e69c97ad:0xc4f3b527f8bb2fe8!8m2!3d50.4702666!4d4.4413564!16s%2Fg%2F11bzx2wmmj!19sChIJrZec5ikvwkcR6C-7-Ce188Q?authuser=0&hl=en&rclk=1,Proximus,Proximus Shop Gosselies,3.7,243,Telecommunications service provider,Rue des Bancroix 14,https://www.proximus.be/shops/proximus-shop-Gosselies
https://www.google.com/maps/place/Spectrum+-+Telenet+Base+Center+Tielt/data=!4m7!3m6!1s0x47c347256d46c8b5:0x534a7bf89210cc8d!8m2!3d50.9983017!4d3.3226027!16s%2Fg%2F1pxwll9v6!19sChIJtchGbSVHw0cRjcwQkvh7SlM?authuser=0&hl=en&rclk=1,Telenet,Spectrum - Telenet Base Center Tielt,4.3,243,Internet service provider,Ieperstraat 64,https://myspectrum.be/telenet/
https://www.google.com/maps/place/Proximus+Shop+Ninove/data=!4m7!3m6!1s0x47c3bb37022e8d13:0x9f0f0f8e13c2e93d!8m2!3d50.834785!4d4.0212871!16s%2Fg%2F11b6gggbm9!19sChIJE40uAje7w0cRPenCE44PD58?authuser=0&hl=en&rclk=1,Proximus,Proximus Shop Ninove,3.3,241,Telecommunications service provider,Kaardeloodstraat 62,https://www.proximus.be/shops/proximus-shop-Ninove
https://www.google.com/maps/place/Orange+Shop+Ninove/data=!4m7!3m6!1s0x47c3bb39f0bcbb6b:0x2ebd90575c3506cc!8m2!3d50.8339733!4d4.0206929!16s%2Fg%2F11bzx3y8zn!19sChIJa7u88Dm7w0cRzAY1XFeQvS4?authuser=0&hl=en&rclk=1,Orange,Orange Shop Ninove,3.9,238,Cell phone store,Centrumlaan 30,https://shops.orange.be/nl/orange_shop_ninove
https://www.google.com/maps/place/Orange+Shop+Etterbeek/data=!4m7!3m6!1s0x47c3dcd27494b599:0x58ce9c2de4010d45!8m2!3d50.83949!4d4.3995843!16s%2Fg%2F1vg6sxh9!19sChIJmbWUdNLcw0cRRQ0B5C2czlg?authuser=0&hl=en&rclk=1,Orange,Orange Shop Etterbeek,3.3,231,Telephone company,Rue des Tongres 1,https://shops.orange.be/nl/orange_shop_etterbeek
https://www.google.com/maps/place/Proximus+Shop+Mons+Rue+de+la+Chauss%C3%A9e/data=!4m7!3m6!1s0x47c2500237e7e457:0x5cd73f4d52ac723!8m2!3d50.4530995!4d3.9511045!16s%2Fg%2F1pxw4xk72!19sChIJV-TnNwJQwkcRI8cq1fRzzQU?authuser=0&hl=en&rclk=1,Proximus,Proximus Shop Mons Rue de la Chaussée,3.9,229,Telecommunications service provider,Rue de la Chaussée 42,https://www.proximus.be/shops/proximus-shop-Mons-Rue-de-la-Chaussee
https://www.google.com/maps/place/Orange+Shop+Dendermonde/data=!4m7!3m6!1s0x47c391323e55541f:0x8df563a0d809c6ea!8m2!3d51.0281385!4d4.1000398!16s%2Fg%2F11bwh5ymbd!19sChIJH1RVPjKRw0cR6sYJ2KBj9Y0?authuser=0&hl=en&rclk=1,Orange,Orange Shop Dendermonde,3.7,228,Telephone company,Oude Vest 10,https://shops.orange.be/nl/orange_shop_dendermonde
https://www.google.com/maps/place/Proximus+Shop+Jette/data=!4m7!3m6!1s0x47c3c3c32ab517ff:0x2114f2183bdf723f!8m2!3d50.8724985!4d4.3249309!16s%2Fg%2F11dxhzsjfz!19sChIJ_xe1KsPDw0cRP3LfOxjyFCE?authuser=0&hl=en&rclk=1,Proximus,Proximus Shop Jette,3.5,228,Telecommunications service provider,Pl. Reine Astrid 16,https://www.proximus.be/shops/proximus-shop-Jette
https://www.google.com/maps/place/Proximus/data=!4m7!3m6!1s0x47c225b4c6f4882b:0x37cf5841290664c8!8m2!3d50.3897071!4d4.4068469!16s%2Fg%2F11h4kgp1xp!19sChIJK4j0xrQlwkcRyGQGKUFYzzc?authuser=0&hl=en&rclk=1,Proximus,Proximus,4,226,Telecommunications service provider,Av. Paul Pastur 59,https://www.proximus.be/shops/proximus-shop-Mont-Sur-Marchienne
https://www.google.com/maps/place/Proximus+Shop+Schelle+Shopping+A12/data=!4m7!3m6!1s0x47c3ee176a0d67cb:0xa394924bed7f6666!8m2!3d51.1172726!4d4.3743587!16s%2Fg%2F1pxw2r_rj!19sChIJy2cNahfuw0cRZmZ_7UuSlKM?authuser=0&hl=en&rclk=1,Proximus,Proximus Shop Schelle Shopping A12,3.4,216,Telecommunications service provider,Boomsesteenweg 37,https://www.proximus.be/shops/proximus-shop-Schelle-Shopping-A12
https://www.google.com/maps/place/Orange/data=!4m7!3m6!1s0x47c3c6b9e958e463:0x81d6ff778070fec!8m2!3d50.8387823!4d4.2870944!16s%2Fg%2F12hlmn8f7!19sChIJY-RY6bnGw0cR7A8HePdvHQg?authuser=0&hl=en&rclk=1,Orange,Orange,3.7,215,Telephone company,Bd Sylvain Dupuis 433,https://shops.orange.be/fr/orange_shop_anderlecht_westland_shopping_center
https://www.google.com/maps/place/Proximus+Shop+Tielt/data=!4m7!3m6!1s0x47c3472faa0092b7:0xbb648c2f4cfcd93d!8m2!3d50.9989599!4d3.3267065!16s%2Fg%2F1v1skcpr!19sChIJt5IAqi9Hw0cRPdn8TC-MZLs?authuser=0&hl=en&rclk=1,Proximus,Proximus Shop Tielt,3.9,212,Telecommunications service provider,Kortrijkstraat 29,https://www.proximus.be/shops/proximus-shop-Tielt
https://www.google.com/maps/place/Orange+Herentals/data=!4m7!3m6!1s0x47c1523bac7dff83:0x3757acf5dedaa29d!8m2!3d51.1769275!4d4.8337778!16s%2Fg%2F1tdxv4v9!19sChIJg_99rDtSwUcRnaLa3vWsVzc?authuser=0&hl=en&rclk=1,Orange,Orange Herentals,4.1,208,Telephone company,Zandstraat 40,https://shops.orange.be/nl/orange_shop_herentals
https://www.google.com/maps/place/Proximus+Shop+Oudenaarde/data=!4m7!3m6!1s0x47c311daf4055003:0x38c98c4bb96e472c!8m2!3d50.8442924!4d3.6032555!16s%2Fg%2F1v_z3h7y!19sChIJA1AF9NoRw0cRLEduuUuMyTg?authuser=0&hl=en&rclk=1,Proximus,Proximus Shop Oudenaarde,3.6,208,Telecommunications service provider,Markt 13,https://www.proximus.be/shops/proximus-shop-Oudenaarde
https://www.google.com/maps/place/Proximus+Shop+Heist-op-den-Berg/data=!4m7!3m6!1s0x47c159dd7a2bc3d1:0x35b4fbef6567cd9f!8m2!3d51.075939!4d4.7226437!16s%2Fg%2F11b6gfjs5l!19sChIJ0cMret1ZwUcRn81nZe_7tDU?authuser=0&hl=en&rclk=1,Proximus,Proximus Shop Heist-op-den-Berg,3.7,207,Telecommunications service provider,Bergstraat 55,https://www.proximus.be/shops/proximus-shop-Heist-op-den-Berg
https://www.google.com/maps/place/Proximus+Shop+Louvain-la-Neuve+Charlemagne/data=!4m7!3m6!1s0x47c17e7671295245:0x628188e54e47c7f6!8m2!3d50.669823!4d4.6142946!16s%2Fg%2F11b6gf421y!19sChIJRVIpcXZ-wUcR9sdHTuWIgWI?authuser=0&hl=en&rclk=1,Proximus,Proximus Shop Louvain-la-Neuve Charlemagne,3.7,207,Telecommunications service provider,Rue Charlemagne 31,https://www.proximus.be/shops/proximus-shop-Louvain-la-Neuve-Charlemagne
https://www.google.com/maps/place/Proximus+Shop+Heusden/data=!4m7!3m6!1s0x47c124fc270747cd:0xbd39d8f2049b984a!8m2!3d51.0146752!4d5.292302!16s%2Fg%2F11h1f59tf!19sChIJzUcHJ_wkwUcRSpibBPLYOb0?authuser=0&hl=en&rclk=1,Proximus,Proximus Shop Heusden,4.4,207,Telecommunications service provider,Meylandtlaan 142,https://www.proximus.be/shops/proximus-shop-Heusden
https://www.google.com/maps/place/Orange/data=!4m7!3m6!1s0x47c3c487d517b5bf:0x51dccc7a41939bc!8m2!3d50.8373982!4d4.3622742!16s%2Fg%2F1hdz0w010!19sChIJv7UX1YfEw0cRvDkZpMfMHQU?authuser=0&hl=en&rclk=1,Orange,Orange,3.1,204,Telephone company,Chau. d'Ixelles 22,https://shops.orange.be/fr/orange_shop_ixelles_porte_de_namur
https://www.google.com/maps/place/Proximus+Shop+Carrefour+Waterloo/data=!4m7!3m6!1s0x47c3d1f2b60adf53:0x4e9ece86f8bdf1f0!8m2!3d50.6887274!4d4.4107498!16s%2Fg%2F11bzx3wlw7!19sChIJU98KtvLRw0cR8PG9-IbOnk4?authuser=0&hl=en&rclk=1,Proximus,Proximus Shop Carrefour Waterloo,4.5,203,Telecommunications service provider,Chaussée de Charleroi 579 Carrefour,https://www.proximus.be/shops/proximus-shop-Waterloo-Bix
https://www.google.com/maps/place/Proximus+Shop+Hannut/data=!4m7!3m6!1s0x47c10c1f0ac5a2df:0x6d86a3753530f42a!8m2!3d50.6719832!4d5.0786021!16s%2Fg%2F11gbl2_fz9!19sChIJ36LFCh8MwUcRKvQwNXWjhm0?authuser=0&hl=en&rclk=1,Proximus,Proximus Shop Hannut,4,200,Telecommunications service provider,Pl. Henri Hallet 2,https://www.proximus.be/shops/proximus-shop-Hannut
https://www.google.com/maps/place/Proximus+Shop+Hasselt+Kempische+Steenweg/data=!4m7!3m6!1s0x47c1216488c83da5:0xb0aa3b80ab6169a9!8m2!3d50.9367642!4d5.3407757!16s%2Fg%2F1tcv5gb2!19sChIJpT3IiGQhwUcRqWlhq4A7qrA?authuser=0&hl=en&rclk=1,Proximus,Proximus Shop Hasselt Kempische Steenweg,4.4,196,Telecommunications service provider,Kempische Steenweg 89,https://www.proximus.be/shops/proximus-shop-Hasselt-Kempische-Steenweg
https://www.google.com/maps/place/Orange+Shop+Docks+Shopping/data=!4m7!3m6!1s0x47c3c3050e347289:0xf3a56a53ff58d74c!8m2!3d50.8800336!4d4.3730651!16s%2Fg%2F11cs6gtbt7!19sChIJiXI0DgXDw0cRTNdY_1NqpfM?authuser=0&hl=en&rclk=1,Orange,Orange Shop Docks Shopping,3.2,195,Telephone company,Quai des Usines 163,https://shops.orange.be/fr/orange_shop_docks_shopping
https://www.google.com/maps/place/Proximus+Shop+La+Hulpe/data=!4m7!3m6!1s0x47c3d73647a861c5:0x43933298599fe00a!8m2!3d50.7300694!4d4.4823304!16s%2Fg%2F1tvm1y4t!19sChIJxWGoRzbXw0cRCuCfWZgyk0M?authuser=0&hl=en&rclk=1,Proximus,Proximus Shop La Hulpe,4.5,194,Telecommunications service provider,"Square des Trois Colonnes, Rue Pierre Broodcoorens 3",https://www.proximus.be/shops/proximus-shop-La-Hulpe
https://www.google.com/maps/place/Telenet+Center+Computer+Checkpoint+Lokeren/data=!4m7!3m6!1s0x47c39b2fbd4f809d:0x4679bc24afdfceb2!8m2!3d51.1105667!4d3.9824461!16s%2Fg%2F1vntj19t!19sChIJnYBPvS-bw0cRss7fryS8eUY?authuser=0&hl=en&rclk=1,Telenet,Telenet Center Computer Checkpoint Lokeren,4.5,194,Computer store,Tweebruggenstraat 2b,https://www.computercheckpoint.be/particulier/onze-winkels/lokeren/?utm_source=google&utm_medium=organic&utm_campaign=GMB-lokeren
https://www.google.com/maps/place/Orange+Shop+Uccle+Bascule/data=!4m7!3m6!1s0x47c3c4effbe1db73:0x1c12ef617b16787e!8m2!3d50.8164564!4d4.3666503!16s%2Fg%2F1tjhwv2r!19sChIJc9vh--_Ew0cRfngWe2HvEhw?authuser=0&hl=en&rclk=1,Orange,Orange Shop Uccle Bascule,3.3,191,Telephone company,Chau. de Waterloo 681,https://shops.orange.be/fr/orange_shop_uccle_bascule
https://www.google.com/maps/place/Orange+Shop+Aarschot/data=!4m7!3m6!1s0x47c1434d7bb37413:0x2891aa36b731fae0!8m2!3d50.984958!4d4.837375!16s%2Fg%2F11bzx2rbwl!19sChIJE3Sze01DwUcR4PoxtzaqkSg?authuser=0&hl=en&rclk=1,Orange,Orange Shop Aarschot,3.9,191,Telephone company,Theo De,https://shops.orange.be/nl/orange_shop_aarschot
https://www.google.com/maps/place/Telenet+shop+Geraardsbergen/data=!4m7!3m6!1s0x47c3a8a2b9ae6faf:0x844e294100605f62!8m2!3d50.7716845!4d3.876078!16s%2Fg%2F11bxjp9s2g!19sChIJr2-uuaKow0cRYl9gAEEpToQ?authuser=0&hl=en&rclk=1,Telenet,Telenet shop Geraardsbergen,3.8,188,Cell phone store,Lessensestraat 1,https://www2.telenet.be/
https://www.google.com/maps/place/Orange+Shop+Mechelen/data=!4m7!3m6!1s0x47c3e5cbe20b1883:0xef08cb2b66ea5c91!8m2!3d51.0266835!4d4.4811767!16s%2Fg%2F1pxw4gfvj!19sChIJgxgL4svlw0cRkVzqZivLCO8?authuser=0&hl=en&rclk=1,Orange,Orange Shop Mechelen,3,186,Telephone company,Bruul 29,https://shops.orange.be/nl/orange_shop_mechelen
https://www.google.com/maps/place/Proximus+Shop+Chatelineau+Cora/data=!4m7!3m6!1s0x47c227e8a956d5c1:0xdb55c6c5616668a2!8m2!3d50.4104264!4d4.4937254!16s%2Fg%2F11b6gdz85b!19sChIJwdVWqegnwkcRomhmYcXGVds?authuser=0&hl=en&rclk=1,Proximus,Proximus Shop Chatelineau Cora,2.9,186,Telecommunications service provider,"Cora Bte 1, Rue des comparçonniers 71",https://www.proximus.be/shops/proximus-shop-Chatelineau-Cora
https://www.google.com/maps/place/Proximus+Shop+Braine+Centre/data=!4m7!3m6!1s0x47c3ce0666859621:0x25e0d6bbb2b9bf83!8m2!3d50.6848422!4d4.3730745!16s%2Fg%2F1tg6jqbj!19sChIJIZaFZgbOw0cRg7-5srvW4CU?authuser=0&hl=en&rclk=1,Proximus,Proximus Shop Braine Centre,4.2,183,Telecommunications service provider,Av. Léon Jourez 55,https://www.proximus.be/shops/proximus-shop-Braine-Centre
https://www.google.com/maps/place/Telenet+Kortrijk/data=!4m7!3m6!1s0x47c33b1dc27793d3:0x8eb588555816b8c7!8m2!3d50.8267993!4d3.269255!16s%2Fg%2F1td4j8l7!19sChIJ05N3wh07w0cRx7gWWFWItY4?authuser=0&hl=en&rclk=1,Telenet,Telenet Kortrijk,3.5,182,Cell phone store,"Shopping K, Sionstraat 50C",https://www2.telenet.be/
https://www.google.com/maps/place/Proximus+Shop+Anderlecht+Cora/data=!4m7!3m6!1s0x47c3c6edcc8afdf3:0xbbe864b8723668f!8m2!3d50.8192305!4d4.280649!16s%2Fg%2F11b6gc61vq!19sChIJ8_2KzO3Gw0cRj2Yjh0uGvgs?authuser=0&hl=en&rclk=1,Proximus,Proximus Shop Anderlecht Cora,3.9,176,Telecommunications service provider,Drève Olympique 13,https://www.proximus.be/shops/proximus-shop-Anderlecht-Cora
https://www.google.com/maps/place/Telenet+Center+Computer+Checkpoint+Wetteren/data=!4m7!3m6!1s0x47c39f33e1e0ea69:0x733c9898b0b19234!8m2!3d51.0049886!4d3.8866576!16s%2Fg%2F11fqy73sfh!19sChIJaerg4TOfw0cRNJKxsJiYPHM?authuser=0&hl=en&rclk=1,Telenet,Telenet Center Computer Checkpoint Wetteren,4.5,174,Computer store,Jozef Buyssestraat 3a,https://www.computercheckpoint.be/particulier/onze-winkels/wetteren/?utm_source=google&utm_medium=organic&utm_campaign=GMB-wetteren
https://www.google.com/maps/place/Orange/data=!4m7!3m6!1s0x47c3dc9e479966eb:0x6d06af362bd7d853!8m2!3d50.844621!4d4.437103!16s%2Fg%2F12ll56_tr!19sChIJ62aZR57cw0cRU9jXKzavBm0?authuser=0&hl=en&rclk=1,Orange,Orange,3.2,173,Cell phone store,Bd de la Woluwe 70,https://shops.orange.be/fr/orange_shop_woluwe_shopping_center
https://www.google.com/maps/place/Orange+shop+Place+Louise/data=!4m7!3m6!1s0x47c3c5ca2bdabda1:0xe89245fe9cd92a74!8m2!3d50.8354094!4d4.3558605!16s%2Fg%2F11h0cg6plm!19sChIJob3aK8rFw0cRdCrZnP5Fkug?authuser=0&hl=en&rclk=1,Orange,Orange shop Place Louise,3.5,172,Telephone company,Pl. Louise 3,https://www.orange.be/fr/shops/orange-shop-place-louise
https://www.google.com/maps/place/Telenet+Herentals/data=!4m7!3m6!1s0x47c1523ba17525a9:0xb012bf847063f229!8m2!3d51.176914!4d4.8333332!16s%2Fg%2F11bxjr81q3!19sChIJqSV1oTtSwUcRKfJjcIS_ErA?authuser=0&hl=en&rclk=1,Telenet,Telenet Herentals,3.8,172,Cell phone store,Zandstraat 48/50,https://www2.telenet.be/
https://www.google.com/maps/place/Proximus+Shop+Binche/data=!4m7!3m6!1s0x47c249c650a1a299:0xfeb38baf213eb876!8m2!3d50.4088264!4d4.2106882!16s%2Fg%2F11d_84gnyj!19sChIJmaKhUMZJwkcRdrg-Ia-Ls_4?authuser=0&hl=en&rclk=1,Proximus,Proximus Shop Binche,4.1,171,Telecommunications service provider,"Shopping CORA, Rte de Charleroi 227",https://www.proximus.be/shops/proximus-shop-Houdeng-Aimeries
https://www.google.com/maps/place/Telenet/data=!4m7!3m6!1s0x47c3c169c21a1d71:0x2cee875d199bcd28!8m2!3d50.8718414!4d4.2951624!16s%2Fg%2F11hc_pd_7f!19sChIJcR0awmnBw0cRKM2bGV2H7iw?authuser=0&hl=en&rclk=1,BASE,Telenet,3.3,168,Cell phone store,Keizer Karellaan 420/unit 135,https://ticketing.pixee.eu/appointment/?shopId=2537907b-a876-4aa7-8556-f072d085b032&referer=site&action=create&id=&languageId=506135dc-e66c-4316-b4a3-81b4e11282b3&cancel=
https://www.google.com/maps/place/Orange+Shop+Woluwe+Stockel/data=!4m7!3m6!1s0x47c3db812c220369:0x1abf47552761f259!8m2!3d50.84049!4d4.4640733!16s%2Fg%2F11bzx1d38p!19sChIJaQMiLIHbw0cRWfJhJ1VHvxo?authuser=0&hl=en&rclk=1,Orange,Orange Shop Woluwe Stockel,3.8,168,Telephone company,Rue de l'Eglise 129,https://shops.orange.be/fr/orange_shop_woluwe_stockel
https://www.google.com/maps/place/Telenet+%26+Base+Center+Mi-Concept+Tienen/data=!4m7!3m6!1s0x47c16c6d398bd439:0xee86b54efd88c1e0!8m2!3d50.8132958!4d4.9324298!16s%2Fg%2F11gcnzhq0w!19sChIJOdSLOW1swUcR4MGI_U61hu4?authuser=0&hl=en&rclk=1,Telenet,Telenet & Base Center Mi-Concept Tienen,4.1,168,Internet service provider,Albertvest 15A,http://www.miconcept.be/
https://www.google.com/maps/place/Spectrum+-+Telenet+Base+Center+Aalter/data=!4m7!3m6!1s0x47c369059c2ef1e9:0xdc3939f1aabfdddc!8m2!3d51.0926846!4d3.4489567!16s%2Fg%2F11g03_9p2s!19sChIJ6fEunAVpw0cR3N2_qvE5Odw?authuser=0&hl=en&rclk=1,Telenet,Spectrum - Telenet Base Center Aalter,4.5,164,Internet service provider,Stationsplein 19,https://myspectrum.be/telenet/
https://www.google.com/maps/place/Orange+Shop+Lokeren/data=!4m7!3m6!1s0x47c39b292e9f2e11:0x5017e8749a042bb6!8m2!3d51.1042208!4d3.9908894!16s%2Fg%2F11gffphx5x!19sChIJES6fLimbw0cRtisEmnToF1A?authuser=0&hl=en&rclk=1,Orange,Orange Shop Lokeren,4.1,163,Telephone company,Markt 41,https://shops.orange.be/nl/orange_shop_lokeren
https://www.google.com/maps/place/Orange/data=!4m7!3m6!1s0x47c3c169c9c1023f:0xc9a9d9c2414387eb!8m2!3d50.871929!4d4.295662!16s%2Fg%2F1hdzpc4z_!19sChIJPwLByWnBw0cR64dDQcLZqck?authuser=0&hl=en&rclk=1,Orange,Orange,3.2,162,Telephone company,Av. Charles-Quint 420,https://shops.orange.be/fr/orange_shop_basilix_carrefour
https://www.google.com/maps/place/Proximus+Shop+Uccle+Vanderkindere/data=!4m7!3m6!1s0x47c3c44e3c5943f3:0xe9f4bf02ffb29f17!8m2!3d50.8137573!4d4.3474098!16s%2Fg%2F1tvm1y35!19sChIJ80NZPE7Ew0cRF5-y_wK_9Ok?authuser=0&hl=en&rclk=1,Proximus,Proximus Shop Uccle Vanderkindere,4.2,158,Telecommunications service provider,Place Léon Vanderkindere 7,https://www.proximus.be/shops/proximus-shop-Uccle-Vanderkindere
https://www.google.com/maps/place/Proximus/data=!4m7!3m6!1s0x47c19967a946fae3:0xfed1e7c5f67309bc!8m2!3d50.4717034!4d4.8582822!16s%2Fg%2F1tj3289j!19sChIJ4_pGqWeZwUcRvAlz9sXn0f4?authuser=0&hl=en&rclk=1,Proximus,Proximus,4.3,156,Telecommunications service provider,Rue Marie-Henriette 60,http://proximus.be/
https://www.google.com/maps/place/Telenet+Center+Geel/data=!4m7!3m6!1s0x47c14b30c38bb80f:0xc10462a47117bfa!8m2!3d51.1638179!4d5.026882!16s%2Fg%2F11h565ptfm!19sChIJD7iLwzBLwUcR-nsRRypGEAw?authuser=0&hl=en&rclk=1,Telenet,Telenet Center Geel,3.9,156,Internet service provider,"Bij Elektromic Telenet Center Geel op de Molseweg in Geel kan je terecht voor al je Telenet-diensten. Ons ervaren en gedreven team helpt je bij het kiezen van de juiste abonnementsformules en bij de configuratie van je toestellen, Molseweg 55",https://telenetcenterelektromic.be/
https://www.google.com/maps/place/Orange+Shop+Lier/data=!4m7!3m6!1s0x47c3fc7d3a25d0c9:0x16445ff0aa00dd50!8m2!3d51.1336043!4d4.5674408!16s%2Fg%2F11c3tgdwzy!19sChIJydAlOn38w0cRUN0AqvBfRBY?authuser=0&hl=en&rclk=1,Orange,Orange Shop Lier,3.5,155,Telephone company,Antwerpsestraat 76,https://shops.orange.be/nl/orange_shop_lier
https://www.google.com/maps/place/Proximus+Shop+Brussels+South/data=!4m7!3m6!1s0x47c3c46e77984fc5:0x97d90e0fa7c56de7!8m2!3d50.836218!4d4.3333061!16s%2Fg%2F11gfhww7xw!19sChIJxU-Yd27Ew0cR523Fpw8O2Zc?authuser=0&hl=en&rclk=1,Proximus,Proximus Shop Brussels South,4.1,152,Telecommunications service provider,"Shopping Midi, Pl. Victor Horta 40",https://www.proximus.be/shops/proximus-shop-Brussel-Midi
https://www.google.com/maps/place/Orange+Shop+Anderlecht+Cora/data=!4m7!3m6!1s0x47c3c6929a1f7f11:0x57d442a40be43fa!8m2!3d50.8196494!4d4.2804621!16s%2Fg%2F11r8j0g1z!19sChIJEX8fmpLGw0cR-kO-QCpEfQU?authuser=0&hl=en&rclk=1,Orange,Orange Shop Anderlecht Cora,3.2,151,Telephone company,Drève Olympique 15,https://shops.orange.be/fr/orange_shop_anderlecht_cora
https://www.google.com/maps/place/BASE+shop+Brussels+-+Jette/data=!4m7!3m6!1s0x47c3c3c32ac13fc1:0x19a41e95daf41f2b!8m2!3d50.872505!4d4.3249724!16s%2Fg%2F1tfwcnt4!19sChIJwT_BKsPDw0cRKx_02pUepBk?authuser=0&hl=en&rclk=1,BASE,BASE shop Brussels - Jette,3.4,148,Telecommunications service provider,Pl. Reine Astrid 14,https://www.prd.base.be/nl/
https://www.google.com/maps/place/BASE+shop+Fripiers/data=!4m7!3m6!1s0x47c3c380b57b8d8d:0x3a04e03b07b52ecf!8m2!3d50.849354!4d4.3526625!16s%2Fg%2F1tg80mmw!19sChIJjY17tYDDw0cRzy61BzvgBDo?authuser=0&hl=en&rclk=1,BASE,BASE shop Fripiers,3.6,145,Telecommunications service provider,Rue des Fripiers 44,https://www.prd.base.be/nl/
https://www.google.com/maps/place/Orange+Shop+Vilvoorde/data=!4m7!3m6!1s0x47c3dd563d42e1bd:0xf5a5d3e3b76ccc55!8m2!3d50.9286858!4d4.4246781!16s%2Fg%2F11bwh5xt59!19sChIJveFCPVbdw0cRVcxst-PTpfU?authuser=0&hl=en&rclk=1,Orange,Orange Shop Vilvoorde,3.5,145,Telephone company,Leuvensestraat 12,https://shops.orange.be/nl/orange_shop_vilvoorde
https://www.google.com/maps/place/BASE+shop+Brussels+-+Louise/data=!4m7!3m6!1s0x47c3c489dc61dfc5:0xbeded4be8b68a3be!8m2!3d50.8336871!4d4.3569774!16s%2Fg%2F11b6_16zp6!19sChIJxd9h3InEw0cRvqNoi77U3r4?authuser=0&hl=en&rclk=1,BASE,BASE shop Brussels - Louise,3.7,143,Telecommunications service provider,Av. Louise 53,https://www.prd.base.be/fr/
https://www.google.com/maps/place/Orange+Shop/data=!4m7!3m6!1s0x47c169d25338a427:0x9b429a2f9e84d45d!8m2!3d50.9045825!4d4.8704855!16s%2Fg%2F11c3tg1wgk!19sChIJJ6Q4U9JpwUcRXdSEni-aQps?authuser=0&hl=en&rclk=1,Orange,Orange Shop,4.1,138,Telephone company,Gouden Kruispunt 78,https://shops.orange.be/nl/orange_shop_gouden_kruispunt
https://www.google.com/maps/place/BASE+shop+Brussels+-+Ixelles/data=!4m7!3m6!1s0x47c3c486112001bd:0xa4e80117b4f9a6db!8m2!3d50.8366436!4d4.3628498!16s%2Fg%2F1tzgncsp!19sChIJvQEgEYbEw0cR26b5tBcB6KQ?authuser=0&hl=en&rclk=1,BASE,BASE shop Brussels - Ixelles,3.8,136,Telecommunications service provider,Elsensesteenweg 52/54,https://www.prd.base.be/fr/
https://www.google.com/maps/place/Telenet+Center+Computer+Checkpoint+Eeklo/data=!4m7!3m6!1s0x47c36422398e2697:0x5b2a58762cb45eb7!8m2!3d51.1833811!4d3.5679867!16s%2Fg%2F1tdc8z9p!19sChIJlyaOOSJkw0cRt160LHZYKls?authuser=0&hl=en&rclk=1,Telenet,Telenet Center Computer Checkpoint Eeklo,4,135,Cell phone store,Stationsstraat 8,https://www.computercheckpoint.be/particulier/onze-winkels/eeklo/?utm_source=google&utm_medium=organic&utm_campaign=GMB-eeklo
https://www.google.com/maps/place/Telenet+shop+Stockel/data=!4m7!3m6!1s0x47c3db86dc5fda17:0x8aeb0e89343aed79!8m2!3d50.8406165!4d4.4651541!16s%2Fg%2F11hd9lj7dx!19sChIJF9pf3Ibbw0cRee06NIkO64o?authuser=0&hl=en&rclk=1,Telenet,Telenet shop Stockel,3.9,134,Cell phone store,Av. de Hinnisdael 2,https://www2.telenet.be/fr
https://www.google.com/maps/place/Orange+Carrefour+Auderghem/data=!4m7!3m6!1s0x47c3db7398a3a411:0x8fee7f3996bc81fe!8m2!3d50.814198!4d4.42574!16s%2Fg%2F11k9d8pk3r!19sChIJEaSjmHPbw0cR_oG8ljl_7o8?authuser=0&hl=en&rclk=1,Orange,Orange Carrefour Auderghem,4.8,130,Telephone company,Bd du Souverain 240,http://www.orange.be/
https://www.google.com/maps/place/Proximus+Shop+Andenne/data=!4m7!3m6!1s0x47c1a680d0d563e1:0x9efb69aba7289a45!8m2!3d50.4899252!4d5.0967507!16s%2Fg%2F11bzx3zx_4!19sChIJ4WPV0ICmwUcRRZoop6tp-54?authuser=0&hl=en&rclk=1,Proximus,Proximus Shop Andenne,3.8,130,Telecommunications service provider,Rue du Commerce 5,https://www.proximus.be/shops/proximus-shop-Andenne
https://www.google.com/maps/place/Orange+Shop+Tienen/data=!4m7!3m6!1s0x47c16c6c9b401495:0x862ebc44f3cdd458!8m2!3d50.8084373!4d4.935522!16s%2Fg%2F11bwh5s68_!19sChIJlRRAm2xswUcRWNTN80S8LoY?authuser=0&hl=en&rclk=1,Orange,Orange Shop Tienen,3.7,125,Telephone company,Leuvensestraat 11,https://shops.orange.be/nl/orange_shop_tienen
https://www.google.com/maps/place/Proximus+Shop+Charleroi+Rive+Gauche/data=!4m7!3m6!1s0x47c22674d37c4e61:0x8973d56d9dec2978!8m2!3d50.4079422!4d4.4416031!16s%2Fg%2F11dxdn0_pw!19sChIJYU5803QmwkcReCnsnW3Vc4k?authuser=0&hl=en&rclk=1,Proximus,Proximus Shop Charleroi Rive Gauche,3.2,125,Telecommunications service provider,"Rive Gauche, Pl. Verte 20",https://www.proximus.be/shops/proximus-shop-Charleroi-Rive-Gauche
https://www.google.com/maps/place/Orange+Shop/data=!4m7!3m6!1s0x47c3c31be14ab457:0x2dced9bd7ebcaa21!8m2!3d50.9020193!4d4.3546963!16s%2Fg%2F11w903840q!19sChIJV7RK4RvDw0cRIaq8fr3Zzi0?authuser=0&hl=en&rclk=1,Orange,Orange Shop,5,124,Telephone company,Romeinsesteenweg 440,https://www.orange.be/
https://www.google.com/maps/place/Telenet+Bruges/data=!4m7!3m6!1s0x47c350da5661fedb:0x16f51e000948e04b!8m2!3d51.2062179!4d3.2216129!16s%2Fg%2F1trrcbr9!19sChIJ2_5hVtpQw0cRS-BICQAe9RY?authuser=0&hl=en&rclk=1,Telenet,Telenet Bruges,3.5,121,Cell phone store,Steenstraat 75,https://www2.telenet.be/
https://www.google.com/maps/place/Proximus+Shop+Fleurus/data=!4m7!3m6!1s0x47c18761fb3da51f:0x7df2616d4f045889!8m2!3d50.4839382!4d4.5533944!16s%2Fg%2F1tdqywkj!19sChIJH6U9-2GHwUcRiVgET21h8n0?authuser=0&hl=en&rclk=1,Proximus,Proximus Shop Fleurus,3.8,117,Telecommunications service provider,Chée de Charleroi 148,https://www.proximus.be/shops/proximus-shop-Fleurus
https://www.google.com/maps/place/Proximus+Shop+Brussel+Bailli/data=!4m7!3m6!1s0x47c3c48cacd6e055:0xbd2f777921b8209b!8m2!3d50.8267636!4d4.3621059!16s%2Fg%2F11b7hdgw7y!19sChIJVeDWrIzEw0cRmyC4IXl3L70?authuser=0&hl=en&rclk=1,Proximus,Proximus Shop Brussel Bailli,3.9,114,Telecommunications service provider,Rue du Bailli 19,https://www.proximus.be/shops/proximus-shop-Brussel-Bailli
https://www.google.com/maps/place/BASE+shop+Uccle/data=!4m7!3m6!1s0x47c3c5b23a94b875:0x1c8dae5e4f1e7657!8m2!3d50.8023606!4d4.3367264!16s%2Fg%2F1tmxdqty!19sChIJdbiUOrLFw0cRV3YeT16ujRw?authuser=0&hl=en&rclk=1,BASE,BASE shop Uccle,3.6,113,Telecommunications service provider,Chau. d'Alsemberg 702,https://www.prd.base.be/fr/
https://www.google.com/maps/place/Proximus+Shop+Ronse/data=!4m7!3m6!1s0x47c31b2ac3f90305:0xbd7784a44b0d380b!8m2!3d50.7473237!4d3.598289!16s%2Fg%2F11b6gfjm_c!19sChIJBQP5wyobw0cRCzgNS6SEd70?authuser=0&hl=en&rclk=1,Proximus,Proximus Shop Ronse,4,112,Telecommunications service provider,Franklin Rooseveltplein 1,https://www.proximus.be/shops/proximus-shop-Ronse
https://www.google.com/maps/place/BASE+shop+Brussels+-+La+Chasse+Etterbeek/data=!4m7!3m6!1s0x47c3c4b99139fe07:0xf1c92ff65ace807b!8m2!3d50.8298741!4d4.3912137!16s%2Fg%2F11b5vymnnf!19sChIJB_45kbnEw0cRe4DOWvYvyfE?authuser=0&hl=en&rclk=1,BASE,BASE shop Brussels - La Chasse Etterbeek,3.4,111,Telecommunications service provider,Chau. de Wavre 742,https://www.prd.base.be/fr/
https://www.google.com/maps/place/Proximus+Shop+Zottegem/data=!4m7!3m6!1s0x47c30a0117edc225:0x9be0cce5cfabe6db!8m2!3d50.869336!4d3.8104521!16s%2Fg%2F11b6gg2qtj!19sChIJJcLtFwEKw0cR2-arz-XM4Js?authuser=0&hl=en&rclk=1,Proximus,Proximus Shop Zottegem,3.9,109,Telecommunications service provider,Markt 17a,https://www.proximus.be/shops/proximus-shop-Zottegem
https://www.google.com/maps/place/Proximus+Shop+Uccle+Fort+Jaco/data=!4m7!3m6!1s0x47c3c53df0a72061:0xb5d7139ab4405463!8m2!3d50.7904495!4d4.3751342!16s%2Fg%2F1hd_n0xhz!19sChIJYSCn8D3Fw0cRY1RAtJoT17U?authuser=0&hl=en&rclk=1,Proximus,Proximus Shop Uccle Fort Jaco,4,105,Telecommunications service provider,Chau. de Waterloo 1328,https://www.proximus.be/shops/proximus-shop-Uccle-Fort-Jaco
https://www.google.com/maps/place/Orange+Shop+Louvain-la-Neuve+Shopping+Center/data=!4m7!3m6!1s0x47c17e77e4810d1d:0x11f784b1267f3257!8m2!3d50.670863!4d4.6168314!16s%2Fg%2F1thw19d0!19sChIJHQ2B5Hd-wUcRVzJ_JrGE9xE?authuser=0&hl=en&rclk=1,Orange,Orange Shop Louvain-la-Neuve Shopping Center,3.2,103,Cell phone store,Pl. de l'Accueil 10,https://shops.orange.be/fr/orange_shop_louvain-la-neuve_shopping_center
https://www.google.com/maps/place/BASE+shop+Mechelen/data=!4m7!3m6!1s0x47c3e5c95f731619:0x12ed242c9d09a160!8m2!3d51.0267871!4d4.4809097!16s%2Fg%2F11b5s2lftg!19sChIJGRZzX8nlw0cRYKEJnSwk7RI?authuser=0&hl=en&rclk=1,BASE,BASE shop Mechelen,3.9,102,Telecommunications service provider,Bruul 32,https://www.prd.base.be/nl/
